{"cameraMode":{"drawMode":0,"name":"Shaded","section":"Shading Mode"},"sceneLighting":true,"audioPlay":false,"sceneViewState":{"m_AlwaysRefresh":false,"showFog":true,"showSkybox":true,"showFlares":true,"showImageEffects":true,"showParticleSystems":true,"showVisualEffectGraphs":true,"m_FxEnabled":true},"in2DMode":false,"pivot":{"x":1.05123770236969,"y":2.847698211669922,"z":-2.0611824989318849},"rotation":{"x":0.004088751506060362,"y":0.9955891370773315,"z":-0.07781384140253067,"w":0.052316874265670779},"size":4.959776401519775,"orthographic":false}